suite,dataset,seed,method,family,solver_variant,sampling_scheme,subsample_size,selected_c,encoded_feature_count,val_log_loss,test_log_loss,test_roc_auc,test_accuracy,selection_runtime_sec,best_fit_runtime_sec,n_iter,converged
full,breast_cancer,0,sklearn-lbfgs,sklearn,lbfgs,,,0.02932551319648094,30,0.16796780369945602,0.13619808535279765,0.9974160206718347,0.9652173913043478,0.0191403,0.006746400000000041,18,1
full,breast_cancer,0,sklearn-liblinear,sklearn,liblinear,,,0.02932551319648094,30,0.1699450151299291,0.13720321123090412,0.9977390180878553,0.9826086956521739,0.003182499999999977,0.001097099999999962,9,1
full,breast_cancer,0,sklearn-saga,sklearn,saga,,,0.02932551319648094,30,0.16796779844742266,0.13619808284201096,0.9974160206718347,0.9652173913043478,0.0377308999999999,0.022708299999999904,204,1
full,breast_cancer,0,ifsn-safe-fixed-s32,ifsn,safe,fixed,32,10.0,30,0.16802328775922673,0.15110868916450718,0.9938630490956072,0.9391304347826087,1.4766335000000002,0.6472081000000001,200,0
full,breast_cancer,0,ifsn-safe-fixed-s64,ifsn,safe,fixed,64,10.0,30,0.1751180164262718,0.14081894519357813,0.9958010335917312,0.9478260869565217,1.3995536,0.32509129999999997,200,0
full,breast_cancer,0,ifsn-safe-fixed-s128,ifsn,safe,fixed,128,10.0,30,0.16637041119389234,0.13383187701444527,0.9958010335917312,0.9478260869565217,1.7310738999999993,0.8936437999999995,200,0
full,breast_cancer,0,ifsn-safe-fixed-full,ifsn,safe,fixed,,10.0,30,0.1679678012084177,0.13619808424315702,0.9974160206718347,0.9652173913043478,0.05837859999999928,0.02589169999999985,6,1
full,breast_cancer,0,ifsn-safe-fresh-s32,ifsn,safe,fresh,32,10.0,30,0.1691473699682282,0.1384703032936505,0.9974160206718347,0.9652173913043478,1.4909235,0.5011951999999997,200,0
full,breast_cancer,0,ifsn-safe-fresh-s64,ifsn,safe,fresh,64,10.0,30,0.1681033000355469,0.13735117535575223,0.9974160206718347,0.9652173913043478,1.6981185999999981,0.5422155999999987,200,0
full,breast_cancer,0,ifsn-safe-fresh-s128,ifsn,safe,fresh,128,10.0,30,0.16817269137422072,0.1369844845831381,0.9974160206718347,0.9652173913043478,2.022416100000001,0.6841456000000008,200,0
full,breast_cancer,0,ifsn-safe-fresh-full,ifsn,safe,fresh,,10.0,30,0.1679678012084177,0.13619808424315702,0.9974160206718347,0.9652173913043478,0.05347660000000154,0.02480690000000152,6,1
full,breast_cancer,0,ifsn-reference-fixed-s32,ifsn,reference,fixed,32,10.0,30,0.16781324323221866,0.1507649339448385,0.9938630490956072,0.9391304347826087,0.009048800000000412,0.003884000000001109,7,1
full,breast_cancer,0,ifsn-reference-fixed-s64,ifsn,reference,fixed,64,10.0,30,0.17511801642627184,0.14081894519357818,0.9958010335917312,0.9478260869565217,0.013470599999999777,0.005845799999999457,7,1
full,breast_cancer,0,ifsn-reference-fixed-s128,ifsn,reference,fixed,128,10.0,30,0.16622491909217416,0.13344293701281426,0.9958010335917312,0.9478260869565217,0.022867700000000823,0.009961200000001114,7,1
full,breast_cancer,0,ifsn-reference-fixed-full,ifsn,reference,fixed,,10.0,30,0.16796780119542287,0.13619808421863133,0.9974160206718347,0.9652173913043478,0.05661079999999963,0.02451660000000011,7,1
full,breast_cancer,0,ifsn-reference-fresh-s32,ifsn,reference,fresh,32,10.0,30,0.21580401139223185,0.17049267192707282,0.9893410852713178,0.9391304347826087,0.3312790999999997,0.11115129999999951,200,0
full,breast_cancer,0,ifsn-reference-fresh-s64,ifsn,reference,fresh,64,10.0,30,0.20384798575888557,0.19163426072470513,0.9945090439276486,0.9304347826086956,0.502645900000001,0.16689869999999907,200,0
full,breast_cancer,0,ifsn-reference-fresh-s128,ifsn,reference,fresh,128,10.0,30,0.18872382199456406,0.14736244338276502,0.9951550387596899,0.9391304347826087,0.9397855999999987,0.31088059999999906,200,0
full,breast_cancer,0,ifsn-reference-fresh-full,ifsn,reference,fresh,,10.0,30,0.16796780119542287,0.13619808421863133,0.9974160206718347,0.9652173913043478,0.05766280000000279,0.025274400000000696,7,1
full,breast_cancer,1,sklearn-lbfgs,sklearn,lbfgs,,,0.02932551319648094,30,0.12783292200843138,0.12614317247006707,0.9964470284237726,0.9739130434782609,0.015146500000000174,0.0053274999999999295,19,1
full,breast_cancer,1,sklearn-liblinear,sklearn,liblinear,,,0.02932551319648094,30,0.1341338242954525,0.1324031157505222,0.9958010335917312,0.9826086956521739,0.0031197999999985626,0.0010730999999992719,8,1
full,breast_cancer,1,sklearn-saga,sklearn,saga,,,0.02932551319648094,30,0.12783292569493687,0.12614317909609982,0.9964470284237726,0.9739130434782609,0.030221899999999025,0.01620130000000053,178,1
full,breast_cancer,1,ifsn-safe-fixed-s32,ifsn,safe,fixed,32,10.0,30,0.17868107740420427,0.15690276260825067,0.9977390180878553,0.9826086956521739,0.6294875999999991,0.22310489999999916,200,0
full,breast_cancer,1,ifsn-safe-fixed-s64,ifsn,safe,fixed,64,10.0,30,0.15080355224801525,0.150553655935862,0.9958010335917312,0.9739130434782609,2.099547600000001,0.6980181999999999,200,0
full,breast_cancer,1,ifsn-safe-fixed-s128,ifsn,safe,fixed,128,10.0,30,0.12774501520926942,0.12509819150187482,0.997093023255814,0.9739130434782609,2.006838400000003,0.8034129000000014,200,0
full,breast_cancer,1,ifsn-safe-fixed-full,ifsn,safe,fixed,,10.0,30,0.12783292385557832,0.12614317689393423,0.9964470284237726,0.9739130434782609,0.05025959999999685,0.023241299999998688,6,1
full,breast_cancer,1,ifsn-safe-fresh-s32,ifsn,safe,fresh,32,10.0,30,0.1304247492300414,0.1294522160356137,0.9964470284237726,0.9739130434782609,1.438698500000001,0.5285234999999986,200,0
full,breast_cancer,1,ifsn-safe-fresh-s64,ifsn,safe,fresh,64,10.0,30,0.1286761146013002,0.126950433745179,0.9964470284237726,0.9739130434782609,1.5821017000000026,0.5303777000000025,200,0
full,breast_cancer,1,ifsn-safe-fresh-s128,ifsn,safe,fresh,128,10.0,30,0.12811178850393212,0.1265107710910499,0.9964470284237726,0.9739130434782609,1.9149211000000008,0.6413338999999993,200,0
full,breast_cancer,1,ifsn-safe-fresh-full,ifsn,safe,fresh,,10.0,30,0.12783292385557832,0.12614317689393423,0.9964470284237726,0.9739130434782609,0.06007990000000163,0.027830600000001482,6,1
full,breast_cancer,1,ifsn-reference-fixed-s32,ifsn,reference,fixed,32,10.0,30,0.17868107740527656,0.1569027626090409,0.9977390180878553,0.9826086956521739,0.00981620000000305,0.0037351000000001022,6,1
full,breast_cancer,1,ifsn-reference-fixed-s64,ifsn,reference,fixed,64,10.0,30,0.14717901302635933,0.1473603876454195,0.9951550387596899,0.9739130434782609,0.015800299999998657,0.006606300000001397,7,1
full,breast_cancer,1,ifsn-reference-fixed-s128,ifsn,reference,fixed,128,10.0,30,0.1245874622758133,0.12192169519181012,0.9967700258397932,0.9739130434782609,0.023760399999996906,0.010185499999998626,7,1
full,breast_cancer,1,ifsn-reference-fixed-full,ifsn,reference,fixed,,10.0,30,0.127832923849168,0.1261431768876989,0.9964470284237726,0.9739130434782609,0.055402099999998455,0.023824600000001084,7,1
full,breast_cancer,1,ifsn-reference-fresh-s32,ifsn,reference,fresh,32,10.0,30,0.14070007634889597,0.14421247874684404,0.9922480620155039,0.9565217391304348,0.3140956000000017,0.10737770000000069,200,0
full,breast_cancer,1,ifsn-reference-fresh-s64,ifsn,reference,fresh,64,10.0,30,0.17029471399251572,0.16218726546692588,0.998062015503876,0.9826086956521739,0.5127407000000019,0.16994850000000028,200,0
full,breast_cancer,1,ifsn-reference-fresh-s128,ifsn,reference,fresh,128,10.0,30,0.14013035471442065,0.14101336430207345,0.9958010335917312,0.9739130434782609,0.8497935000000005,0.28101099999999946,200,0
full,breast_cancer,1,ifsn-reference-fresh-full,ifsn,reference,fresh,,10.0,30,0.127832923849168,0.1261431768876989,0.9964470284237726,0.9739130434782609,0.056735599999999664,0.024576299999999662,7,1
full,breast_cancer,2,sklearn-lbfgs,sklearn,lbfgs,,,0.02932551319648094,30,0.1920545602309935,0.11318958640775185,1.0,0.9652173913043478,0.015000900000000428,0.005064100000002014,19,1
full,breast_cancer,2,sklearn-liblinear,sklearn,liblinear,,,0.02932551319648094,30,0.19548539006257018,0.11897970424294133,1.0,0.991304347826087,0.002841199999998878,0.0010563999999995133,9,1
full,breast_cancer,2,sklearn-saga,sklearn,saga,,,0.02932551319648094,30,0.19205455018752943,0.11318958540622676,1.0,0.9652173913043478,0.030357799999997326,0.017134299999998603,175,1
full,breast_cancer,2,ifsn-safe-fixed-s32,ifsn,safe,fixed,32,10.0,30,0.18548782457656976,0.1292357690299395,0.9996770025839793,0.9739130434782609,0.663230299999995,0.23822869999999696,200,0
full,breast_cancer,2,ifsn-safe-fixed-s64,ifsn,safe,fixed,64,10.0,30,0.19210185608915117,0.11778559527692412,0.9983850129198967,0.9652173913043478,1.228792300000002,0.3191790999999995,200,0
full,breast_cancer,2,ifsn-safe-fixed-s128,ifsn,safe,fixed,128,10.0,30,0.19341561455646336,0.11812450694632798,1.0,0.991304347826087,2.0730948000000033,0.8411862000000028,200,0
full,breast_cancer,2,ifsn-safe-fixed-full,ifsn,safe,fixed,,10.0,30,0.19205455093646664,0.11318958417809416,1.0,0.9652173913043478,0.054102100000001485,0.024718000000000018,6,1
full,breast_cancer,2,ifsn-safe-fresh-s32,ifsn,safe,fresh,32,10.0,30,0.1934222312899257,0.1151667889479387,1.0,0.9652173913043478,1.4611498999999988,0.4885514999999998,200,0
full,breast_cancer,2,ifsn-safe-fresh-s64,ifsn,safe,fresh,64,10.0,30,0.19319543495808114,0.11445439032589666,1.0,0.9652173913043478,1.6158322999999974,0.5294401999999998,200,0
full,breast_cancer,2,ifsn-safe-fresh-s128,ifsn,safe,fresh,128,10.0,30,0.19201667657381144,0.11342874254963031,1.0,0.9652173913043478,1.9585487000000121,0.6619559000000024,200,0
full,breast_cancer,2,ifsn-safe-fresh-full,ifsn,safe,fresh,,10.0,30,0.19205455093646664,0.11318958417809416,1.0,0.9652173913043478,0.05286830000000009,0.02379020000000054,6,1
full,breast_cancer,2,ifsn-reference-fixed-s32,ifsn,reference,fixed,32,10.0,30,0.18548782457656976,0.12923576902993952,0.9996770025839793,0.9739130434782609,0.008178000000008012,0.0035384000000036053,7,1
full,breast_cancer,2,ifsn-reference-fixed-s64,ifsn,reference,fixed,64,10.0,30,0.19210185608915126,0.11778559527692412,0.9983850129198967,0.9652173913043478,0.013861099999999738,0.005997000000000696,7,1
full,breast_cancer,2,ifsn-reference-fixed-s128,ifsn,reference,fixed,128,10.0,30,0.19290405770701186,0.11750956826699648,1.0,0.991304347826087,0.02255050000000125,0.009812400000001276,7,1
full,breast_cancer,2,ifsn-reference-fixed-full,ifsn,reference,fixed,,10.0,30,0.19205455092743198,0.11318958416196745,1.0,0.9652173913043478,0.054918799999995827,0.02410499999999871,7,1
full,breast_cancer,2,ifsn-reference-fresh-s32,ifsn,reference,fresh,32,10.0,30,0.20536757115392015,0.1359436208585238,1.0,0.9652173913043478,0.3180218000000039,0.10476930000000095,200,0
full,breast_cancer,2,ifsn-reference-fresh-s64,ifsn,reference,fresh,64,10.0,30,0.19927451228489615,0.12029308105523416,0.9977390180878553,0.9652173913043478,0.5039554000000024,0.1652003000000022,200,0
full,breast_cancer,2,ifsn-reference-fresh-s128,ifsn,reference,fresh,128,10.0,30,0.18652939440328703,0.11640518500506511,0.9996770025839793,0.9652173913043478,0.8811966000000027,0.2893437000000034,200,0
full,breast_cancer,2,ifsn-reference-fresh-full,ifsn,reference,fresh,,10.0,30,0.19205455092743198,0.11318958416196745,1.0,0.9652173913043478,0.059747600000001455,0.026139399999998147,7,1
full,breast_cancer,3,sklearn-lbfgs,sklearn,lbfgs,,,0.02932551319648094,30,0.15030834505083757,0.1779243991155884,0.9928940568475452,0.9304347826086956,0.025572699999997894,0.014114999999996769,19,1
full,breast_cancer,3,sklearn-liblinear,sklearn,liblinear,,,0.02932551319648094,30,0.14916744196766424,0.16994593622681106,0.9928940568475452,0.9565217391304348,0.01167709999999289,0.0017563999999978819,8,1
full,breast_cancer,3,sklearn-saga,sklearn,saga,,,0.02932551319648094,30,0.15030833824400286,0.1779243937056526,0.9928940568475452,0.9304347826086956,0.031212899999999877,0.017482799999996246,178,1
full,breast_cancer,3,ifsn-safe-fixed-s32,ifsn,safe,fixed,32,10.0,30,0.1452391932549402,0.1680218542935933,0.9951550387596899,0.9478260869565217,0.6811883000000094,0.26372230000000485,200,0
full,breast_cancer,3,ifsn-safe-fixed-s64,ifsn,safe,fixed,64,10.0,30,0.13567110165903395,0.18141638847139333,0.9928940568475452,0.9304347826086956,2.1018293999999997,0.716898999999998,200,0
full,breast_cancer,3,ifsn-safe-fixed-s128,ifsn,safe,fixed,128,10.0,30,0.15382143353962774,0.190924007987918,0.9886950904392765,0.9304347826086956,2.081319300000004,0.8171468000000033,200,0
full,breast_cancer,3,ifsn-safe-fixed-full,ifsn,safe,fixed,,10.0,30,0.15030834110412816,0.17792439888191688,0.9928940568475452,0.9304347826086956,0.05215709999999518,0.02386950000000354,6,1
full,breast_cancer,3,ifsn-safe-fresh-s32,ifsn,safe,fresh,32,10.0,30,0.15247239253769534,0.18189725129653692,0.9925710594315246,0.9217391304347826,1.4112301999999985,0.5047506000000013,200,0
full,breast_cancer,3,ifsn-safe-fresh-s64,ifsn,safe,fresh,64,10.0,30,0.15102024913667855,0.17910235499273522,0.9928940568475452,0.9304347826086956,1.5943173000000002,0.5376219999999989,200,0
full,breast_cancer,3,ifsn-safe-fresh-s128,ifsn,safe,fresh,128,10.0,30,0.1510342331977659,0.17870102652929393,0.9928940568475452,0.9304347826086956,1.9237454999999954,0.6482646999999986,200,0
full,breast_cancer,3,ifsn-safe-fresh-full,ifsn,safe,fresh,,10.0,30,0.15030834110412816,0.17792439888191688,0.9928940568475452,0.9304347826086956,0.0536625000000015,0.024974100000001442,6,1
full,breast_cancer,3,ifsn-reference-fixed-s32,ifsn,reference,fixed,32,10.0,30,0.1452391932549402,0.16802185429359326,0.9951550387596899,0.9478260869565217,0.008695599999995807,0.003742499999994209,7,1
full,breast_cancer,3,ifsn-reference-fixed-s64,ifsn,reference,fixed,64,10.0,30,0.13066476100563185,0.17606298492422978,0.9925710594315246,0.9304347826086956,0.013933299999997928,0.006436700000001849,7,1
full,breast_cancer,3,ifsn-reference-fixed-s128,ifsn,reference,fixed,128,10.0,30,0.1474106232230971,0.18502704903144276,0.9886950904392765,0.9304347826086956,0.02252239999999972,0.009764300000000503,7,1
full,breast_cancer,3,ifsn-reference-fixed-full,ifsn,reference,fixed,,10.0,30,0.15030834107591393,0.17792439885153613,0.9928940568475452,0.9304347826086956,0.056541700000003914,0.024995799999999235,7,1
full,breast_cancer,3,ifsn-reference-fresh-s32,ifsn,reference,fresh,32,10.0,30,0.20310227420240684,0.28308709762235823,0.9718992248062015,0.8782608695652174,0.3282079999999965,0.1083654999999979,200,0
full,breast_cancer,3,ifsn-reference-fresh-s64,ifsn,reference,fresh,64,10.0,30,0.180713472009011,0.20367516460840246,0.9893410852713178,0.9304347826086956,0.5343643999999941,0.1753402999999949,200,0
full,breast_cancer,3,ifsn-reference-fresh-s128,ifsn,reference,fresh,128,10.0,30,0.17589082079474427,0.19142298896597434,0.9874031007751938,0.9304347826086956,0.8776289999999989,0.3041538000000017,200,0
full,breast_cancer,3,ifsn-reference-fresh-full,ifsn,reference,fresh,,10.0,30,0.15030834107591393,0.17792439885153613,0.9928940568475452,0.9304347826086956,0.05727939999999876,0.02533859999999777,7,1
full,breast_cancer,4,sklearn-lbfgs,sklearn,lbfgs,,,0.02932551319648094,30,0.10945859609238684,0.13317739242076757,0.9870801033591732,0.991304347826087,0.016405900000002305,0.005618400000003021,19,1
full,breast_cancer,4,sklearn-liblinear,sklearn,liblinear,,,0.02932551319648094,30,0.1127460224139249,0.14120968178394988,0.9874031007751938,0.9826086956521739,0.002891099999999369,0.0010541999999986729,8,1
full,breast_cancer,4,sklearn-saga,sklearn,saga,,,0.02932551319648094,30,0.10945859582139728,0.13317739453561497,0.9870801033591732,0.991304347826087,0.029109900000001687,0.015087100000002351,181,1
full,breast_cancer,4,ifsn-safe-fixed-s32,ifsn,safe,fixed,32,10.0,30,0.144463941929458,0.15620084190491826,0.9851421188630491,0.9739130434782609,1.8500207000000017,0.6274237000000014,200,0
full,breast_cancer,4,ifsn-safe-fixed-s64,ifsn,safe,fixed,64,10.0,30,0.13362370123555045,0.14926216893450617,0.9822351421188631,0.9739130434782609,1.7527415000000133,0.36617380000000566,200,0
full,breast_cancer,4,ifsn-safe-fixed-s128,ifsn,safe,fixed,128,10.0,30,0.11405108222786728,0.13813107823875823,0.9838501291989664,0.9739130434782609,2.5303573999999998,0.8211112999999983,200,0
full,breast_cancer,4,ifsn-safe-fixed-full,ifsn,safe,fixed,,10.0,30,0.10945859528564236,0.13317739198367382,0.9870801033591732,0.991304347826087,0.05970900000000512,0.025500499999999704,6,1
full,breast_cancer,4,ifsn-safe-fresh-s32,ifsn,safe,fresh,32,10.0,30,0.11014847634176986,0.13453928958272185,0.9864341085271318,0.991304347826087,1.5267768999999944,0.5164985999999985,200,0
full,breast_cancer,4,ifsn-safe-fresh-s64,ifsn,safe,fresh,64,10.0,30,0.11033348984037708,0.13436632201791945,0.9867571059431525,0.991304347826087,1.739431400000008,0.6020521000000016,200,0
full,breast_cancer,4,ifsn-safe-fresh-s128,ifsn,safe,fresh,128,10.0,30,0.10996808459179386,0.13372307493169053,0.9870801033591732,0.991304347826087,2.2763202999999947,0.7257944999999992,200,0
full,breast_cancer,4,ifsn-safe-fresh-full,ifsn,safe,fresh,,10.0,30,0.10945859528564236,0.13317739198367382,0.9870801033591732,0.991304347826087,0.05871530000000291,0.02610700000000321,6,1
full,breast_cancer,4,ifsn-reference-fixed-s32,ifsn,reference,fixed,32,10.0,30,0.13183697804465722,0.14612112184693163,0.9851421188630491,0.9739130434782609,0.009335299999996494,0.003996799999995915,7,1
full,breast_cancer,4,ifsn-reference-fixed-s64,ifsn,reference,fixed,64,10.0,30,0.13362370123555045,0.14926216893450617,0.9822351421188631,0.9739130434782609,0.013770299999997349,0.0060070999999979335,7,1
full,breast_cancer,4,ifsn-reference-fixed-s128,ifsn,reference,fixed,128,10.0,30,0.1137337972572131,0.13786671270452885,0.9838501291989664,0.9739130434782609,0.023595600000007266,0.010222100000000012,7,1
full,breast_cancer,4,ifsn-reference-fixed-full,ifsn,reference,fixed,,10.0,30,0.10945859527060361,0.13317739197204057,0.9870801033591732,0.991304347826087,0.06064469999999744,0.026170999999997946,7,1
full,breast_cancer,4,ifsn-reference-fresh-s32,ifsn,reference,fresh,32,10.0,30,0.1445875845587115,0.1604744679455229,0.9925710594315246,0.9652173913043478,0.33687749999999994,0.11341250000000258,200,0
full,breast_cancer,4,ifsn-reference-fresh-s64,ifsn,reference,fresh,64,10.0,30,0.1257969586263675,0.14939799140395693,0.9835271317829457,0.9739130434782609,0.5275059000000084,0.17781990000000292,200,0
full,breast_cancer,4,ifsn-reference-fresh-s128,ifsn,reference,fresh,128,10.0,30,0.12543953661799095,0.14266645741594264,0.9848191214470284,0.9826086956521739,0.9857536000000025,0.33789840000000027,200,0
full,breast_cancer,4,ifsn-reference-fresh-full,ifsn,reference,fresh,,10.0,30,0.10945859527060361,0.13317739197204057,0.9870801033591732,0.991304347826087,0.06356920000000343,0.027110700000001486,7,1
full,mushroom,0,sklearn-lbfgs,sklearn,lbfgs,,,0.0020521239482864766,117,0.07602399640430274,0.07089823772972513,0.9999667126637132,0.9993853718500307,0.03445990000000165,0.013393800000002898,22,1
full,mushroom,0,sklearn-liblinear,sklearn,liblinear,,,0.0020521239482864766,117,0.07602848497526915,0.07087901481319904,0.9999667126637132,0.9993853718500307,0.09552449999999624,0.04560149999999652,8,1
full,mushroom,0,sklearn-saga,sklearn,saga,,,0.0020521239482864766,117,0.07602399801392483,0.07089823830353427,0.9999667126637132,0.9993853718500307,1.1833238000000037,0.7277538000000021,148,1
full,mushroom,0,ifsn-safe-fixed-s32,ifsn,safe,fixed,32,10.0,117,0.25570298140743664,0.23336742634427685,0.9902816108649866,0.9323909035033805,7.0553145000000015,2.3152702999999946,200,0
full,mushroom,0,ifsn-safe-fixed-s64,ifsn,safe,fixed,64,10.0,117,0.22404232867059543,0.21021813683898752,0.989152867552715,0.9121081745543946,9.783459300000004,3.2411630000000002,200,0
full,mushroom,0,ifsn-safe-fixed-s128,ifsn,safe,fixed,128,10.0,117,0.12511786653011592,0.11391003305524981,0.9902800978042463,0.984019668100799,18.222167899999988,7.356480999999988,200,0
full,mushroom,0,ifsn-safe-fixed-full,ifsn,safe,fixed,,10.0,117,0.07602406689226633,0.07089830910512038,0.9999667126637132,0.9993853718500307,7.7059104999999875,3.107269699999989,5,1
full,mushroom,0,ifsn-safe-fresh-s32,ifsn,safe,fresh,32,10.0,117,0.13606620829975372,0.12391394205985978,0.9993978018253564,0.984019668100799,6.135481899999988,2.198567099999991,200,0
full,mushroom,0,ifsn-safe-fresh-s64,ifsn,safe,fresh,64,10.0,117,0.10997834633999735,0.10073208823810044,0.9998365894400465,0.9950829748002459,8.752281099999976,3.344803099999993,200,0
full,mushroom,0,ifsn-safe-fresh-s128,ifsn,safe,fresh,128,10.0,117,0.0911857109538879,0.08343783812113523,0.9999409906311278,0.9987707437000615,14.803312199999993,5.008234499999986,200,0
full,mushroom,0,ifsn-safe-fresh-full,ifsn,safe,fresh,,10.0,117,0.07602406689226633,0.07089830910512038,0.9999667126637132,0.9993853718500307,7.147547099999997,3.4643481000000236,5,1
full,mushroom,0,ifsn-reference-fixed-s32,ifsn,reference,fixed,32,10.0,117,0.26290560858167356,0.23501314682441204,0.9877547994286683,0.9096496619545175,0.1080005999999969,0.04721680000000106,7,1
full,mushroom,0,ifsn-reference-fixed-s64,ifsn,reference,fixed,64,10.0,117,0.22056609430185084,0.20496288075083136,0.9865927687801099,0.9071911493546404,0.15575159999997368,0.06721559999999727,7,1
full,mushroom,0,ifsn-reference-fixed-s128,ifsn,reference,fixed,128,10.0,117,0.12344363298203263,0.1120511900850761,0.9899139371050911,0.984019668100799,0.33763259999997786,0.15472539999998958,7,1
full,mushroom,0,ifsn-reference-fixed-full,ifsn,reference,fixed,,10.0,117,0.07602399775431466,0.07089823870983776,0.9999667126637132,0.9993853718500307,10.428136299999977,4.64873639999999,6,1
full,mushroom,0,ifsn-reference-fresh-s32,ifsn,reference,fresh,32,10.0,117,0.22482454796654758,0.20561483758613344,0.9885733652891762,0.9452980946527351,3.5085024999999916,1.179674900000009,200,0
full,mushroom,0,ifsn-reference-fresh-s64,ifsn,reference,fresh,64,10.0,117,0.17287933421204998,0.16083262368078796,0.9926374464376498,0.9440688383527965,6.230917000000005,2.080365900000004,200,0
full,mushroom,0,ifsn-reference-fresh-s128,ifsn,reference,fresh,128,10.0,117,0.11818197864867908,0.106676268943781,0.9972205074200499,0.9870928088506453,12.644790599999993,4.1817858,200,0
full,mushroom,0,ifsn-reference-fresh-full,ifsn,reference,fresh,,10.0,117,0.07602399775431466,0.07089823870983776,0.9999667126637132,0.9993853718500307,11.127044100000006,4.849272600000006,6,1
full,mushroom,1,sklearn-lbfgs,sklearn,lbfgs,,,0.0020521239482864766,117,0.07471378047995816,0.07077264699235282,1.0,0.9987707437000615,0.04294879999997647,0.013561199999998053,21,1
full,mushroom,1,sklearn-liblinear,sklearn,liblinear,,,0.0020521239482864766,117,0.0747420064595456,0.07083767079040489,1.0,0.9987707437000615,0.09628309999999374,0.04776570000001357,8,1
full,mushroom,1,sklearn-saga,sklearn,saga,,,0.0020521239482864766,117,0.07471378462783651,0.07077265203419394,1.0,0.9987707437000615,0.9204245999999898,0.5719177000000002,131,1
full,mushroom,1,ifsn-safe-fixed-s32,ifsn,safe,fixed,32,10.0,117,0.21222656420965924,0.1999465605566659,0.9799020141864575,0.9256299938537185,8.272233699999987,2.927884399999982,200,0
full,mushroom,1,ifsn-safe-fixed-s64,ifsn,safe,fixed,64,10.0,117,0.16308396854225155,0.16029346942518768,0.9925844893117389,0.9471419791026429,11.685867200000018,3.98364890000002,200,0
full,mushroom,1,ifsn-safe-fixed-s128,ifsn,safe,fixed,128,10.0,117,0.1110623008658344,0.11237248581932903,0.9984763478345074,0.9784880147510756,18.063460300000003,6.142934999999994,200,0
full,mushroom,1,ifsn-safe-fixed-full,ifsn,safe,fixed,,10.0,117,0.07471385387727109,0.07077271847131339,1.0,0.9987707437000615,8.678884699999998,3.9658778000000154,5,1
full,mushroom,1,ifsn-safe-fresh-s32,ifsn,safe,fresh,32,10.0,117,0.13464165004365686,0.1292062421152328,0.9988818481129107,0.9766441303011678,7.440256399999981,2.6829660999999874,200,0
full,mushroom,1,ifsn-safe-fresh-s64,ifsn,safe,fresh,64,10.0,117,0.10398049938412042,0.10005267364661741,0.9999440167526085,0.9956976029502151,10.737283200000007,3.754694900000004,200,0
full,mushroom,1,ifsn-safe-fresh-s128,ifsn,safe,fresh,128,10.0,117,0.09046973997186054,0.08588131342487611,0.9999848693925969,0.9975414874001229,17.196439999999967,5.930828499999961,200,0
full,mushroom,1,ifsn-safe-fresh-full,ifsn,safe,fresh,,10.0,117,0.07471385387727109,0.07077271847131339,1.0,0.9987707437000615,9.265787500000044,4.03554280000003,5,1
full,mushroom,1,ifsn-reference-fixed-s32,ifsn,reference,fixed,32,10.0,117,0.21158333609579147,0.19836892159025593,0.9789124724622945,0.9250153657037492,0.11190199999992956,0.04389529999997421,7,1
full,mushroom,1,ifsn-reference-fixed-s64,ifsn,reference,fixed,64,10.0,117,0.16146058115959208,0.15872077426452888,0.9926268550124676,0.9471419791026429,0.1535658000000808,0.06565820000002986,7,1
full,mushroom,1,ifsn-reference-fixed-s128,ifsn,reference,fixed,128,10.0,117,0.10871422244890376,0.10995164619911219,0.9983795119471276,0.9772587584511371,0.3033457000000226,0.1302784000000088,7,1
full,mushroom,1,ifsn-reference-fixed-full,ifsn,reference,fixed,,10.0,117,0.07471378384206,0.0707726499032033,1.0,0.9987707437000615,10.71471420000006,4.380016800000021,6,1
full,mushroom,1,ifsn-reference-fresh-s32,ifsn,reference,fresh,32,1.0,117,0.41134732867835666,0.41218185757384024,0.9654356404483502,0.8703134603564844,3.373456699999963,1.200569900000005,200,0
full,mushroom,1,ifsn-reference-fresh-s64,ifsn,reference,fresh,64,10.0,117,0.13264659122976927,0.12759298782108422,0.9919747258333939,0.9729563614013522,6.726921999999945,2.324510299999986,200,0
full,mushroom,1,ifsn-reference-fresh-s128,ifsn,reference,fresh,128,10.0,117,0.10234306863313446,0.09930415258678374,0.9999878955140775,0.9938537185003073,12.769145000000037,4.153447000000028,200,0
full,mushroom,1,ifsn-reference-fresh-full,ifsn,reference,fresh,,10.0,117,0.07471378384206,0.0707726499032033,1.0,0.9987707437000615,10.721397599999989,4.564857700000005,6,1
full,mushroom,2,sklearn-lbfgs,sklearn,lbfgs,,,0.0020521239482864766,117,0.06991684064556539,0.07155639805994946,1.0,1.0,0.03691830000002483,0.012185600000009345,21,1
full,mushroom,2,sklearn-liblinear,sklearn,liblinear,,,0.0020521239482864766,117,0.069920931341041,0.07160194065616654,1.0,1.0,0.07944450000002234,0.0374679000000242,8,1
full,mushroom,2,sklearn-saga,sklearn,saga,,,0.0020521239482864766,117,0.06991684289744095,0.07155640224895689,1.0,1.0,1.233041500000013,0.7669582000000332,177,1
full,mushroom,2,ifsn-safe-fixed-s32,ifsn,safe,fixed,32,10.0,117,0.22129724956671779,0.23052932343931698,0.9814181010482484,0.9262446220036877,7.780694600000004,2.8881478999999786,200,0
full,mushroom,2,ifsn-safe-fixed-s64,ifsn,safe,fixed,64,10.0,117,0.15288462355190383,0.14956198662593512,0.9902104970101919,0.9711124769514444,11.803064899999981,4.015420000000006,200,0
full,mushroom,2,ifsn-safe-fixed-s128,ifsn,safe,fixed,128,10.0,117,0.0951739138120106,0.09215610599116607,0.9996958747911976,0.9938537185003073,18.359302600000035,6.22873340000001,200,0
full,mushroom,2,ifsn-safe-fixed-full,ifsn,safe,fixed,,10.0,117,0.06991691134598271,0.07155646635566702,1.0,1.0,11.008402699999976,4.265854899999965,5,1
full,mushroom,2,ifsn-safe-fresh-s32,ifsn,safe,fresh,32,10.0,117,0.13447624691287166,0.1362935969370013,0.9988561260803254,0.9791026429010449,9.253411400000061,3.1191555000000335,200,0
full,mushroom,2,ifsn-safe-fresh-s64,ifsn,safe,fresh,64,10.0,117,0.10307968481012898,0.10329616633064488,0.9996792311230542,0.9895513214505224,11.883397699999932,4.403431899999987,200,0
full,mushroom,2,ifsn-safe-fresh-s128,ifsn,safe,fresh,128,10.0,117,0.08678337995322623,0.08615881453518534,0.9999470428740891,0.9969268592501537,18.602530700000045,6.439425300000039,200,0
full,mushroom,2,ifsn-safe-fresh-full,ifsn,safe,fresh,,10.0,117,0.06991691134598271,0.07155646635566702,1.0,1.0,8.483531700000015,3.8535405000000083,5,1
full,mushroom,2,ifsn-reference-fixed-s32,ifsn,reference,fixed,32,10.0,117,0.2182359227853428,0.22822656177509418,0.9808295204202677,0.9145666871542717,0.07703850000001466,0.032752000000016324,7,1
full,mushroom,2,ifsn-reference-fixed-s64,ifsn,reference,fixed,64,10.0,117,0.15176285610966705,0.14846446580524247,0.9900289297213547,0.9692685925015365,0.14242120000005798,0.06092320000004747,7,1
full,mushroom,2,ifsn-reference-fixed-s128,ifsn,reference,fixed,128,10.0,117,0.09324923310588823,0.09022277805484226,0.9996837703052751,0.9938537185003073,0.25406240000000935,0.10965599999997266,6,1
full,mushroom,2,ifsn-reference-fixed-full,ifsn,reference,fixed,,10.0,117,0.06991684265794737,0.07155639988797659,1.0,1.0,10.650981900000033,4.566065900000012,6,1
full,mushroom,2,ifsn-reference-fresh-s32,ifsn,reference,fresh,32,1.0,117,0.3695112150933394,0.36968573030661356,0.9818568886629385,0.8740012292563,2.743830600000024,1.2065729999999917,200,0
full,mushroom,2,ifsn-reference-fresh-s64,ifsn,reference,fresh,64,10.0,117,0.13241302512082348,0.132817976216608,0.9884281114581064,0.9803318992009834,6.2307504000000336,2.097424799999999,200,0
full,mushroom,2,ifsn-reference-fresh-s128,ifsn,reference,fresh,128,10.0,117,0.12490217994515826,0.12641820639220216,0.9976638342169608,0.9686539643515673,13.49565419999999,4.174257799999964,200,0
full,mushroom,2,ifsn-reference-fresh-full,ifsn,reference,fresh,,10.0,117,0.06991684265794737,0.07155639988797659,1.0,1.0,16.227014400000087,5.662467700000036,6,1
full,mushroom,3,sklearn-lbfgs,sklearn,lbfgs,,,0.0020521239482864766,117,0.07091162427675939,0.07198345875779207,1.0,1.0,0.050194299999986924,0.02215849999998909,21,1
full,mushroom,3,sklearn-liblinear,sklearn,liblinear,,,0.0020521239482864766,117,0.0709467328026901,0.07203018632301514,1.0,1.0,0.1268632000000025,0.05393479999997908,8,1
full,mushroom,3,sklearn-saga,sklearn,saga,,,0.0020521239482864766,117,0.07091162631124377,0.07198346150233262,1.0,1.0,1.2026438999999982,0.7558902000000103,150,1
full,mushroom,3,ifsn-safe-fixed-s32,ifsn,safe,fixed,32,10.0,117,0.20051087142960036,0.19129156905575784,0.9851175345583073,0.9434542102028273,9.271336099999985,3.0849609999999643,200,0
full,mushroom,3,ifsn-safe-fixed-s64,ifsn,safe,fixed,64,10.0,117,0.17551194180040788,0.15812283770180915,0.9825559227249618,0.9618930547019053,13.49808379999996,4.163133099999982,200,0
full,mushroom,3,ifsn-safe-fixed-s128,ifsn,safe,fixed,128,10.0,117,0.09222812475472214,0.09761750755676298,0.9972643861815189,0.9913952059004303,17.911366899999905,6.0057204999999385,200,0
full,mushroom,3,ifsn-safe-fixed-full,ifsn,safe,fixed,,10.0,117,0.07091169040684812,0.07198352498952969,1.0,1.0,8.593008000000054,4.0011021000000255,5,1
full,mushroom,3,ifsn-safe-fresh-s32,ifsn,safe,fresh,32,10.0,117,0.12904795832929794,0.13552455969522573,0.9988652044447672,0.9858635525507068,7.418957100000057,2.760141200000021,200,0
full,mushroom,3,ifsn-safe-fresh-s64,ifsn,safe,fresh,64,10.0,117,0.10144009926054079,0.10337319148649686,0.9997200837630426,0.9926244622003688,10.786061300000028,3.8187421000000086,200,0
full,mushroom,3,ifsn-safe-fresh-s128,ifsn,safe,fresh,128,10.0,117,0.08625993536189462,0.08877444655824861,0.999931912266686,0.9956976029502151,17.504985000000033,6.370671300000026,200,0
full,mushroom,3,ifsn-safe-fresh-full,ifsn,safe,fresh,,10.0,117,0.07091169040684812,0.07198352498952969,1.0,1.0,9.502901599999973,4.616109599999959,5,1
full,mushroom,3,ifsn-reference-fixed-s32,ifsn,reference,fixed,32,10.0,117,0.1959694297484536,0.1858710375175619,0.983156607838865,0.9422249539028887,0.1307041999999683,0.057617400000026464,7,1
full,mushroom,3,ifsn-reference-fixed-s64,ifsn,reference,fixed,64,10.0,117,0.17060370213122064,0.15201649421997376,0.9823410680998378,0.9600491702519975,0.2149091999999655,0.09491290000005392,7,1
full,mushroom,3,ifsn-reference-fixed-s128,ifsn,reference,fixed,128,10.0,117,0.0921449208563327,0.09752901202459978,0.9972674123029995,0.9913952059004303,0.35828619999995226,0.156089399999928,7,1
full,mushroom,3,ifsn-reference-fixed-full,ifsn,reference,fixed,,10.0,117,0.07091162482129387,0.07198345975472116,1.0,1.0,11.692973700000039,5.103698699999995,6,1
full,mushroom,3,ifsn-reference-fresh-s32,ifsn,reference,fresh,32,10.0,117,0.3235270346451429,0.3097878282052545,0.9740162079066502,0.8721573448063922,3.7200924999999643,1.2530347000000575,200,0
full,mushroom,3,ifsn-reference-fresh-s64,ifsn,reference,fresh,64,10.0,117,0.17684162582054166,0.16657906412405232,0.986695656910451,0.9551321450522434,6.403634899999929,2.138681799999972,200,0
full,mushroom,3,ifsn-reference-fresh-s128,ifsn,reference,fresh,128,10.0,117,0.12874676301391894,0.11644297984546056,0.9902664802575835,0.9815611555009219,12.389091199999939,4.35771479999994,200,0
full,mushroom,3,ifsn-reference-fresh-full,ifsn,reference,fresh,,10.0,117,0.07091162482129387,0.07198345975472116,1.0,1.0,12.162500200000068,5.847695599999952,6,1
full,mushroom,4,sklearn-lbfgs,sklearn,lbfgs,,,0.0020521239482864766,117,0.07081395275083097,0.07334177506269886,0.9999425036918682,0.9993853718500307,0.05805490000000191,0.02549260000000686,21,1
full,mushroom,4,sklearn-liblinear,sklearn,liblinear,,,0.0020521239482864766,117,0.07083356696155868,0.07335123567785946,0.9999394775703876,0.9993853718500307,0.20723350000002938,0.10372640000002775,8,1
full,mushroom,4,sklearn-saga,sklearn,saga,,,0.0020521239482864766,117,0.07081395457273586,0.07334177563476578,0.9999425036918682,0.9993853718500307,1.2698234000000639,0.788301400000023,130,1
full,mushroom,4,ifsn-safe-fixed-s32,ifsn,safe,fixed,32,10.0,117,0.17627619789207144,0.1773967586083535,0.978880698186748,0.9459127228027043,10.343163799999957,3.4469830000000456,200,0
full,mushroom,4,ifsn-safe-fixed-s64,ifsn,safe,fixed,64,10.0,117,0.12796664729835525,0.11885925316264757,0.997781852954705,0.9704978488014752,12.909676800000057,4.470548399999984,200,0
full,mushroom,4,ifsn-safe-fixed-s128,ifsn,safe,fixed,128,10.0,117,0.08890249070197917,0.08937573759465302,0.9993584622461084,0.9913952059004303,18.946231900000043,6.411661200000026,200,0
full,mushroom,4,ifsn-safe-fixed-full,ifsn,safe,fixed,,10.0,117,0.07081401708377043,0.07334184169131705,0.9999425036918682,0.9993853718500307,9.026913700000023,4.094339399999967,5,1
full,mushroom,4,ifsn-safe-fresh-s32,ifsn,safe,fresh,32,10.0,117,0.1373601192521131,0.13566955427556698,0.998620088604837,0.9778733866011063,7.734235799999851,2.7641033999999536,200,0
full,mushroom,4,ifsn-safe-fresh-s64,ifsn,safe,fresh,64,10.0,117,0.10386323522867419,0.10203194918739843,0.9999546081777907,0.9981561155500922,11.010826699999939,3.9311622999999827,200,0
full,mushroom,4,ifsn-safe-fresh-s128,ifsn,safe,fresh,128,10.0,117,0.08652727463299946,0.08709421081459943,0.9999046771733604,0.9987707437000615,17.979140500000085,5.980791500000009,200,0
full,mushroom,4,ifsn-safe-fresh-full,ifsn,safe,fresh,,10.0,117,0.07081401708377043,0.07334184169131705,0.9999425036918682,0.9993853718500307,9.027018200000043,4.071772800000076,5,1
full,mushroom,4,ifsn-reference-fixed-s32,ifsn,reference,fixed,32,10.0,117,0.17430111942228144,0.17548462331370052,0.978617425617934,0.9459127228027043,0.1001090000000886,0.042413699999997334,7,1
full,mushroom,4,ifsn-reference-fixed-s64,ifsn,reference,fixed,64,10.0,117,0.1256102186167039,0.11609985594597967,0.9977531048006392,0.9704978488014752,0.17492009999989477,0.07830879999994522,7,1
full,mushroom,4,ifsn-reference-fixed-s128,ifsn,reference,fixed,128,10.0,117,0.08882133555609875,0.0892849836054831,0.9993569491853681,0.9913952059004303,0.3016604000000598,0.14059959999997318,7,1
full,mushroom,4,ifsn-reference-fixed-full,ifsn,reference,fixed,,10.0,117,0.07081395383202363,0.07334177533098082,0.9999425036918682,0.9993853718500307,11.899836699999923,5.0906195000000025,6,1
full,mushroom,4,ifsn-reference-fresh-s32,ifsn,reference,fresh,32,1.0,117,0.32447217178347126,0.3156578539733305,0.9842233156607839,0.9225568531038721,2.9744005000000016,1.3296232999999802,200,0
full,mushroom,4,ifsn-reference-fresh-s64,ifsn,reference,fresh,64,10.0,117,0.17857051605307792,0.15917225471741964,0.9936784322269833,0.9551321450522434,7.135794699999906,2.504515099999935,200,0
full,mushroom,4,ifsn-reference-fresh-s128,ifsn,reference,fresh,128,10.0,117,0.11107124749545488,0.10237088011447021,0.9996323262401046,0.9944683466502766,13.629707199999984,4.68588079999995,200,0
full,mushroom,4,ifsn-reference-fresh-full,ifsn,reference,fresh,,10.0,117,0.07081395383202363,0.07334177533098082,0.9999425036918682,0.9993853718500307,11.677062800000158,4.958568200000059,6,1
